cod_uf;populacao;populacao_pib;pib_total;impostos_liquidos;vab_adm_publica;vab_agropecuaria;vab_industria;vab_servicos;vab_total;pct_agro_no_vab;pib_per_capita;ref_populacao_pib;ano_ref;ano_ref_vab;fonte
11;1746227;1581196.0;76456179.0;7115001.0;13103179.0;10581030.0;7708393.0;19662492.0;51055095.0;20.72;48353.39;Censo 2022, como no per capita oficial do IBGE;2023;2021;IBGE/SIDRA (tabelas 5938 e 6579)
12;880631;830018.0;26291321.0;2078713.0;6633283.0;3637871.0;1371816.0;7652757.0;19295727.0;18.85;31675.6;Censo 2022, como no per capita oficial do IBGE;2023;2021;IBGE/SIDRA (tabelas 5938 e 6579)
13;4281209;3941613.0;161794976.0;22293794.0;22727267.0;5631734.0;41858993.0;39019250.0;109237244.0;5.16;41047.91;Censo 2022, como no per capita oficial do IBGE;2023;2021;IBGE/SIDRA (tabelas 5938 e 6579)
14;716793;636707.0;25124805.0;1892880.0;7170746.0;1234389.0;1535729.0;6368835.0;16309700.0;7.57;39460.54;Censo 2022, como no per capita oficial do IBGE;2023;2021;IBGE/SIDRA (tabelas 5938 e 6579)
15;8664306;8120131.0;254546511.0;22807731.0;39736143.0;24296591.0;111321133.0;64743381.0;240097248.0;10.12;31347.59;Censo 2022, como no per capita oficial do IBGE;2023;2021;IBGE/SIDRA (tabelas 5938 e 6579)
16;802837;733759.0;28020120.0;1594405.0;8578396.0;346361.0;2365599.0;7215090.0;18505446.0;1.87;38187.09;Censo 2022, como no per capita oficial do IBGE;2023;2021;IBGE/SIDRA (tabelas 5938 e 6579)
17;1577342;1511460.0;64317699.0;5085449.0;12371635.0;13364375.0;5000272.0;15959034.0;46695315.0;28.62;42553.36;Censo 2022, como no per capita oficial do IBGE;2023;2021;IBGE/SIDRA (tabelas 5938 e 6579)
21;7010960;6776699.0;149227195.0;14750805.0;28420116.0;13885862.0;21733198.0;46190740.0;110229915.0;12.6;22020.63;Censo 2022, como no per capita oficial do IBGE;2023;2021;IBGE/SIDRA (tabelas 5938 e 6579)
22;3375646;3271199.0;80916856.0;6539435.0;17259553.0;7821685.0;8222965.0;24184665.0;57488868.0;13.61;24736.15;Censo 2022, como no per capita oficial do IBGE;2023;2021;IBGE/SIDRA (tabelas 5938 e 6579)
23;9233656;8794957.0;232239257.0;27827910.0;38425285.0;10410352.0;34230713.0;83990541.0;167056891.0;6.23;26405.96;Censo 2022, como no per capita oficial do IBGE;2023;2021;IBGE/SIDRA (tabelas 5938 e 6579)
24;3446071;3302729.0;101740275.0;9116401.0;20873316.0;3141755.0;14728096.0;32321165.0;71064332.0;4.42;30804.91;Censo 2022, como no per capita oficial do IBGE;2023;2021;IBGE/SIDRA (tabelas 5938 e 6579)
25;4145040;3974687.0;96963174.0;9703973.0;21927900.0;3190466.0;10071557.0;32576435.0;67766358.0;4.71;24395.17;Censo 2022, como no per capita oficial do IBGE;2023;2021;IBGE/SIDRA (tabelas 5938 e 6579)
26;9539029;9058931.0;270474919.0;34948359.0;45308279.0;9605117.0;40694065.0;90257702.0;185865163.0;5.17;29857.27;Censo 2022, como no per capita oficial do IBGE;2023;2021;IBGE/SIDRA (tabelas 5938 e 6579)
27;3220104;3127683.0;89688932.0;7773571.0;15912397.0;16829600.0;9432169.0;26317884.0;68492049.0;24.57;28675.84;Censo 2022, como no per capita oficial do IBGE;2023;2021;IBGE/SIDRA (tabelas 5938 e 6579)
28;2291077;2210004.0;60816662.0;5966501.0;13058213.0;2758532.0;10223715.0;19854437.0;45894896.0;6.01;27518.8;Censo 2022, como no per capita oficial do IBGE;2023;2021;IBGE/SIDRA (tabelas 5938 e 6579)
29;14850513;14141626.0;430987853.0;45293967.0;59046302.0;34058220.0;76494697.0;137724666.0;307323885.0;11.08;30476.54;Censo 2022, como no per capita oficial do IBGE;2023;2021;IBGE/SIDRA (tabelas 5938 e 6579)
31;21322691;20539989.0;971977551.0;103527643.0;107176263.0;55849923.0;258629586.0;332409799.0;754065571.0;7.41;47321.23;Censo 2022, como no per capita oficial do IBGE;2023;2021;IBGE/SIDRA (tabelas 5938 e 6579)
32;4102129;3833712.0;209829732.0;30692347.0;20462462.0;7014830.0;59642699.0;68524167.0;155644158.0;4.51;54732.78;Censo 2022, como no per capita oficial do IBGE;2023;2021;IBGE/SIDRA (tabelas 5938 e 6579)
33;17219679;16055174.0;1172871443.0;129454667.0;145587873.0;4375468.0;292743438.0;377139325.0;819846104.0;0.53;73052.55;Censo 2022, como no per capita oficial do IBGE;2023;2021;IBGE/SIDRA (tabelas 5938 e 6579)
35;45973194;44411239.0;3444814033.0;473385800.0;206915184.0;46193518.0;518292532.0;1474964197.0;2246365431.0;2.06;77566.27;Censo 2022, como no per capita oficial do IBGE;2023;2021;IBGE/SIDRA (tabelas 5938 e 6579)
41;11824665;11444380.0;670919162.0;75383503.0;58973871.0;61711282.0;130065817.0;223838590.0;474589559.0;13.0;58624.33;Censo 2022, como no per capita oficial do IBGE;2023;2021;IBGE/SIDRA (tabelas 5938 e 6579)
42;8058441;7610361.0;513392973.0;81036009.0;42112450.0;23433284.0;95420339.0;186568806.0;347534879.0;6.74;67459.74;Censo 2022, como no per capita oficial do IBGE;2023;2021;IBGE/SIDRA (tabelas 5938 e 6579)
43;11229915;10882965.0;650107022.0;79179201.0;67741826.0;74967475.0;121123407.0;238271769.0;502104476.0;14.93;59736.2;Censo 2022, como no per capita oficial do IBGE;2023;2021;IBGE/SIDRA (tabelas 5938 e 6579)
50;2901895;2757013.0;184402118.0;16259773.0;20888757.0;32138406.0;25468386.0;47448445.0;125943994.0;25.52;66884.75;Censo 2022, como no per capita oficial do IBGE;2023;2021;IBGE/SIDRA (tabelas 5938 e 6579)
51;3836399;3658649.0;273008586.0;23045622.0;25007411.0;79882439.0;32177974.0;73276756.0;210344581.0;37.98;74620.05;Censo 2022, como no per capita oficial do IBGE;2023;2021;IBGE/SIDRA (tabelas 5938 e 6579)
52;7350483;7056495.0;336746975.0;31474136.0;36728695.0;42437487.0;53006223.0;105981332.0;238153738.0;17.82;47721.56;Censo 2022, como no per capita oficial do IBGE;2023;2021;IBGE/SIDRA (tabelas 5938 e 6579)
53;2982818;2817381.0;365669108.0;29915404.0;116809198.0;2286948.0;10235490.0;127696742.0;257028378.0;0.89;129790.44;Censo 2022, como no per capita oficial do IBGE;2023;2021;IBGE/SIDRA (tabelas 5938 e 6579)
